{
  "metadata": {
    "analysis_timestamp": "2026-03-01T06:56:57.295414",
    "audio_file": "/home/jordanm/Documents/Github/MistralHackathon2026/backend/storage/voice_data/MRN-3194872_5.wav",
    "patient_id": "MRN-3194872",
    "clinical_context": "depression and anxiety screening",
    "pipeline_version": "1.0.0-kintsugi"
  },
  "kintsugi_scores": {
    "depression": {
      "severity_score": 0,
      "severity_label": "No depression (PHQ-9 \u2264 9)",
      "raw_score": -1.2266466617584229
    },
    "anxiety": {
      "severity_score": 0,
      "severity_label": "No anxiety (GAD-7 \u2264 4)",
      "raw_score": -0.9604179263114929
    }
  },
  "acoustic_parameters": {
    "quality_control": {
      "passed": true,
      "warnings": [],
      "speech_ratio_check": true,
      "voiced_frames_check": true,
      "voiced_frame_count": 1386,
      "speech_ratio_value": 0.7772206303724927
    },
    "temporal": {
      "pause_duration_mean_sec": 0.30157575757575755,
      "pause_duration_median_sec": 0.32,
      "pause_duration_p95_sec": 0.6207999999999998,
      "pause_duration_total_sec": 9.952000000000004,
      "pause_rate_per_min": 44.323065902578804,
      "speech_duration_sec": 34.71999999999999,
      "speech_ratio": 0.7772206303724927,
      "total_duration_sec": 44.672
    },
    "prosodic": {
      "speech_rate_segments_per_sec": 0.7611031518624642,
      "intensity_mean_rms": 0.08986760675907135,
      "energy_variability_iqr": 0.09759532287716866,
      "energy_variability_std": 0.06623121351003647,
      "f0_mean_hz": 565.5000610351562,
      "f0_median_hz": 253.37548828125,
      "f0_std_hz": 778.6837158203125,
      "f0_iqr_hz": 191.76205444335938,
      "f0_range_hz": 3838.004638671875,
      "f0_min_hz": 152.72775268554688,
      "f0_max_hz": 3990.732421875,
      "f0_p25_hz": 225.70636749267578,
      "f0_p75_hz": 417.46842193603516,
      "f0_slope": 0.1766534912648652,
      "stress_frequency_per_sec": 1.3431232091690546,
      "rhythm_regularity_std_sec": 0.6821296186275718
    },
    "spectral": {
      "mfcc_1_mean": -221.63641357421875,
      "mfcc_2_mean": 73.72217559814453,
      "mfcc_3_mean": 16.426719665527344,
      "mfcc_4_mean": 29.20509910583496,
      "mfcc_5_mean": -4.618151664733887,
      "mfcc_6_mean": 13.129857063293457,
      "mfcc_7_mean": -12.920394897460938,
      "mfcc_8_mean": -12.926279067993164,
      "mfcc_9_mean": -2.4763176441192627,
      "mfcc_10_mean": -10.80614185333252,
      "mfcc_11_mean": -9.97141170501709,
      "mfcc_12_mean": -3.828129291534424,
      "mfcc_13_mean": -2.9708282947540283,
      "spectral_centroid_mean_hz": 2015.6055629067869,
      "spectral_centroid_std_hz": 1282.6649138692605,
      "spectral_rolloff_mean_hz": 3793.0218772369362,
      "spectral_bandwidth_mean_hz": 1726.028445360848,
      "cpp": 0.04738444761543568,
      "zero_crossing_rate_mean": 0.15288760513600572
    },
    "perturbation": {
      "jitter_percent": 38.68865966796875,
      "shimmer_percent": 15.7377690076828,
      "reliable": true,
      "note": "Perturbation features computed successfully."
    },
    "spectral_quality": {
      "hnr_db": 1.7398855090141296
    }
  },
  "spectrogram": {
    "path": null,
    "duration": null
  },
  "clinical_analysis": {
    "llm_interpretation": "### **Clinical Voice Analysis Report: Depression & Anxiety Screening**\n**Patient Summary:**\nThe **Kintsugi Depression and Anxiety Model** scores indicate **no clinically significant depression (PHQ-9 \u2264 9)** and **no clinically significant anxiety (GAD-7 \u2264 4)**. However, the **acoustic voice parameters** reveal subtle but potentially meaningful deviations that warrant further clinical consideration. Below is a structured analysis of the findings.\n\n---\n\n## **1. Interpretation of Kintsugi Scores**\n### **Depression (PHQ-9 \u2264 9)**\n- **Score:** **0/2 (Severity Score)** with a **Raw Score of -1.227** (below the clinical threshold for depression).\n- **Implications:**\n  - The patient does **not** meet criteria for depressive disorder based on self-reported symptoms.\n  - However, **subclinical depressive symptoms** (e.g., mild irritability, anhedonia, or low motivation) may still be present but not severe enough to trigger a formal diagnosis.\n  - **Voice data may help detect early signs of emotional dysregulation** that are not yet clinically apparent.\n\n### **Anxiety (GAD-7 \u2264 4)**\n- **Score:** **0/3 (Severity Score)** with a **Raw Score of -0.960** (well below the clinical threshold for generalized anxiety).\n- **Implications:**\n  - No evidence of **generalized anxiety disorder (GAD)** or significant anxiety symptoms.\n  - However, **subtle vocal markers of stress** (e.g., pitch variability, jitter) could indicate **emotional tension, social anxiety, or situational stress** that is not yet severe enough for a formal diagnosis.\n\n**Key Takeaway:**\nThe **Kintsugi scores suggest no current depression or anxiety**, but **voice analysis reveals potential early warning signs** that may warrant **further screening for subclinical emotional distress**.\n\n---\n\n## **2. Acoustic Voice Parameters: Contextualizing the Scores**\nWhile the **Kintsugi scores are reassuring**, the **voice data shows several acoustic features that may indicate subtle emotional or psychological stress**, even if not yet clinically significant.\n\n| **Parameter**               | **Value**          | **Clinical Interpretation**                                                                 | **Correlation with Depression/Anxiety**                                                                 |\n|-----------------------------|--------------------|-------------------------------------------------------------------------------------------|-----------------------------------------------------------------------------------------------------------|\n| **Pitch Mean (565.5 Hz)**    | High (average female pitch) | Slightly elevated pitch may reflect **nervousness, emotional arousal, or social anxiety**. | Higher pitch is associated with **anxiety, stress, and subclinical depression** in some studies.          |\n| **Pitch Variability (778.7 Hz)** | Very High | **Extreme pitch fluctuations** suggest **emotional lability, anxiety, or cognitive load**. | Linked to **generalized anxiety, depression, and PTSD** in voice analysis research.                     |\n| **Pitch Range (3838 Hz)**   | Extremely Wide     | Indicates **large emotional swings**, possibly due to **stress, depression, or bipolar tendencies**. | Wide pitch range correlates with **mood instability and emotional dysregulation**.                        |\n| **Loudness (0.0899 RMS)**   | Low                | **Soft speech** may reflect **social withdrawal, fatigue, or low energy** (common in depression). | Lower loudness is associated with **depression, apathy, and anhedonia**.                                   |\n| **Energy Variability (0.0976 IQR)** | Moderate | **Fluctuating energy** suggests **inconsistent emotional engagement** (e.g., fatigue vs. arousal). | Seen in **mixed anxiety-depression states**.                                                               |\n| **Speech Rate (0.76 seg/sec)** | Slow              | **Reduced speech rate** may indicate **psychomotor retardation (depression) or cognitive slowing**. | Slower speech is a **known marker of depression** (though not severe here).                              |\n| **Pause Duration (0.30 sec)** | Moderate          | **Short pauses** suggest **hesitation or cognitive effort**, possibly due to **anxiety or depression**. | Longer pauses are more associated with **depression**, but **frequent short pauses** can indicate **stress**. |\n| **Pause Rate (44.3/min)**   | High               | **Frequent pauses** may reflect **self-monitoring, social anxiety, or cognitive overload**.   | Higher pause rates are linked to **social anxiety and PTSD**.                                             |\n| **Speech Ratio 