{
  "metadata": {
    "analysis_timestamp": "2026-03-01T06:37:53.537965",
    "audio_file": "/home/jordanm/Documents/Github/MistralHackathon2026/backend/voice_data/MRN-3194872_6.wav",
    "patient_id": "MRN-3194872",
    "clinical_context": "depression and anxiety screening",
    "pipeline_version": "1.0.0-kintsugi"
  },
  "kintsugi_scores": {
    "depression": {
      "severity_score": 0,
      "severity_label": "No depression (PHQ-9 \u2264 9)",
      "raw_score": -0.8336797952651978
    },
    "anxiety": {
      "severity_score": 1,
      "severity_label": "Mild anxiety (GAD-7 5-9)",
      "raw_score": -0.6380051374435425
    }
  },
  "acoustic_parameters": {
    "quality_control": {
      "passed": true,
      "warnings": [],
      "speech_ratio_check": true,
      "voiced_frames_check": true,
      "voiced_frame_count": 1791,
      "speech_ratio_value": 0.7164031825264165
    },
    "temporal": {
      "pause_duration_mean_sec": 0.30103703703703705,
      "pause_duration_median_sec": 0.192,
      "pause_duration_p95_sec": 0.8447999999999993,
      "pause_duration_total_sec": 16.256000000000004,
      "pause_rate_per_min": 56.523971986614804,
      "speech_duration_sec": 41.0648125,
      "speech_ratio": 0.7164031825264165,
      "total_duration_sec": 57.3208125
    },
    "prosodic": {
      "speech_rate_segments_per_sec": 0.9595118701431525,
      "intensity_mean_rms": 0.12319471687078476,
      "energy_variability_iqr": 0.20341572945471853,
      "energy_variability_std": 0.10724931210279465,
      "f0_mean_hz": 705.1461181640625,
      "f0_median_hz": 416.1681823730469,
      "f0_std_hz": 873.0966186523438,
      "f0_iqr_hz": 293.2580261230469,
      "f0_range_hz": 3837.830322265625,
      "f0_min_hz": 152.66171264648438,
      "f0_max_hz": 3990.491943359375,
      "f0_p25_hz": 298.0948181152344,
      "f0_p75_hz": 591.3528442382812,
      "f0_slope": -0.12610382618394533,
      "stress_frequency_per_sec": 1.4305449700316093,
      "rhythm_regularity_std_sec": 0.6134317439314744
    },
    "spectral": {
      "mfcc_1_mean": -248.44813537597656,
      "mfcc_2_mean": 88.71727752685547,
      "mfcc_3_mean": -1.170649528503418,
      "mfcc_4_mean": 9.404441833496094,
      "mfcc_5_mean": -0.3479144871234894,
      "mfcc_6_mean": 3.0955960750579834,
      "mfcc_7_mean": -20.778926849365234,
      "mfcc_8_mean": -10.588839530944824,
      "mfcc_9_mean": 0.48920467495918274,
      "mfcc_10_mean": -20.263227462768555,
      "mfcc_11_mean": -4.810433864593506,
      "mfcc_12_mean": 2.0025265216827393,
      "mfcc_13_mean": -4.089503765106201,
      "spectral_centroid_mean_hz": 1636.3789679017839,
      "spectral_centroid_std_hz": 1120.1894372817608,
      "spectral_rolloff_mean_hz": 2974.8099190848216,
      "spectral_bandwidth_mean_hz": 1396.2832265600757,
      "cpp": 0.03243455313064719,
      "zero_crossing_rate_mean": 0.1602292742047991
    },
    "perturbation": {
      "jitter_percent": 34.397172927856445,
      "shimmer_percent": 20.32579928636551,
      "reliable": true,
      "note": "Perturbation features computed successfully."
    },
    "spectral_quality": {
      "hnr_db": -4.132413268089294
    }
  },
  "spectrogram": {
    "path": null,
    "duration": null
  },
  "clinical_analysis": {
    "llm_interpretation": null,
    "clinical_summary": null,
    "model_used": null
  },
  "parameters_summary": {
    "pitch_mean_hz": 705.1461181640625,
    "pitch_variability_hz": 873.0966186523438,
    "pitch_range_hz": 3837.830322265625,
    "loudness_rms": 0.12319471687078476,
    "energy_variability_iqr": 0.20341572945471853,
    "speech_rate_segments_per_sec": 0.9595118701431525,
    "pause_duration_mean_sec": 0.30103703703703705,
    "pause_rate_per_min": 56.523971986614804,
    "speech_ratio": 0.7164031825264165,
    "total_duration_sec": 57.3208125,
    "voice_brightness_hz": 1636.3789679017839,
    "cpp": 0.03243455313064719,
    "jitter_percent": 34.397172927856445,
    "shimmer_percent": 20.32579928636551,
    "hnr_db": -4.132413268089294
  }
}