{
  "metadata": {
    "analysis_timestamp": "2026-03-01T06:57:37.214681",
    "audio_file": "/home/jordanm/Documents/Github/MistralHackathon2026/backend/storage/voice_data/MRN-3194872_6.wav",
    "patient_id": "MRN-3194872",
    "clinical_context": "depression and anxiety screening",
    "pipeline_version": "1.0.0-kintsugi"
  },
  "kintsugi_scores": {
    "depression": {
      "severity_score": 0,
      "severity_label": "No depression (PHQ-9 \u2264 9)",
      "raw_score": -0.8336797952651978
    },
    "anxiety": {
      "severity_score": 1,
      "severity_label": "Mild anxiety (GAD-7 5-9)",
      "raw_score": -0.6380051374435425
    }
  },
  "acoustic_parameters": {
    "quality_control": {
      "passed": true,
      "warnings": [],
      "speech_ratio_check": true,
      "voiced_frames_check": true,
      "voiced_frame_count": 1791,
      "speech_ratio_value": 0.7164031825264165
    },
    "temporal": {
      "pause_duration_mean_sec": 0.30103703703703705,
      "pause_duration_median_sec": 0.192,
      "pause_duration_p95_sec": 0.8447999999999993,
      "pause_duration_total_sec": 16.256000000000004,
      "pause_rate_per_min": 56.523971986614804,
      "speech_duration_sec": 41.0648125,
      "speech_ratio": 0.7164031825264165,
      "total_duration_sec": 57.3208125
    },
    "prosodic": {
      "speech_rate_segments_per_sec": 0.9595118701431525,
      "intensity_mean_rms": 0.12319471687078476,
      "energy_variability_iqr": 0.20341572945471853,
      "energy_variability_std": 0.10724931210279465,
      "f0_mean_hz": 705.1461181640625,
      "f0_median_hz": 416.1681823730469,
      "f0_std_hz": 873.0966186523438,
      "f0_iqr_hz": 293.2580261230469,
      "f0_range_hz": 3837.830322265625,
      "f0_min_hz": 152.66171264648438,
      "f0_max_hz": 3990.491943359375,
      "f0_p25_hz": 298.0948181152344,
      "f0_p75_hz": 591.3528442382812,
      "f0_slope": -0.12610382618394533,
      "stress_frequency_per_sec": 1.4305449700316093,
      "rhythm_regularity_std_sec": 0.6134317439314744
    },
    "spectral": {
      "mfcc_1_mean": -248.44813537597656,
      "mfcc_2_mean": 88.71727752685547,
      "mfcc_3_mean": -1.170649528503418,
      "mfcc_4_mean": 9.404441833496094,
      "mfcc_5_mean": -0.3479144871234894,
      "mfcc_6_mean": 3.0955960750579834,
      "mfcc_7_mean": -20.778926849365234,
      "mfcc_8_mean": -10.588839530944824,
      "mfcc_9_mean": 0.48920467495918274,
      "mfcc_10_mean": -20.263227462768555,
      "mfcc_11_mean": -4.810433864593506,
      "mfcc_12_mean": 2.0025265216827393,
      "mfcc_13_mean": -4.089503765106201,
      "spectral_centroid_mean_hz": 1636.3789679017839,
      "spectral_centroid_std_hz": 1120.1894372817608,
      "spectral_rolloff_mean_hz": 2974.8099190848216,
      "spectral_bandwidth_mean_hz": 1396.2832265600757,
      "cpp": 0.03243455313064719,
      "zero_crossing_rate_mean": 0.1602292742047991
    },
    "perturbation": {
      "jitter_percent": 34.397172927856445,
      "shimmer_percent": 20.32579928636551,
      "reliable": true,
      "note": "Perturbation features computed successfully."
    },
    "spectral_quality": {
      "hnr_db": -4.132413268089294
    }
  },
  "spectrogram": {
    "path": null,
    "duration": null
  },
  "clinical_analysis": {
    "llm_interpretation": "### **Clinical Voice Analysis Report**\n**Patient Profile:** Mild anxiety (GAD-7 5\u20139) with no depression (PHQ-9 \u2264 9), but notable acoustic disruptions suggestive of subclinical stress or emotional dysregulation.\n\n---\n\n### **1. Interpretation of Kintsugi Depression/Anxiety Scores**\n- **Depression (PHQ-9 \u2264 9):** The score suggests **no clinically significant depressive symptoms**, but the **raw score of -0.834** (below zero) may indicate **subtle emotional flattening or reduced affective expression**\u2014a pattern sometimes seen in early-stage depression or emotional numbing.\n- **Anxiety (GAD-7 5\u20139):** **Mild anxiety** is present, consistent with **subclinical worry, irritability, or somatic tension**. The **raw score of -0.638** (still negative) may reflect **avoidant speech patterns** (e.g., reduced vocal expressivity) or **catastrophic cognitive appraisals** that manifest in voice disturbances.\n\n**Key Insight:** While clinical questionnaires suggest **no major depression**, the **negative raw scores** in both metrics may hint at **emotional dampening** (common in depression) or **anxiety-related speech inhibition**.\n\n---\n\n### **2. Acoustic Parameters: Contextualizing the Kintsugi Scores**\n\n#### **A. Prosodic & Temporal Features (Suggestive of Emotional Dysregulation)**\n| **Parameter**               | **Value**          | **Clinical Interpretation**                                                                 |\n|-----------------------------|--------------------|--------------------------------------------------------------------------------------------|\n| **Pitch Mean (705.1 Hz)**   | High (female: ~220 Hz; male: ~100\u2013120 Hz) | **Elevated pitch** may reflect **anxiety (hyperarousal)** or **speech pressure** (e.g., trying to sound \"normal\" despite internal distress). |\n| **Pitch Variability (873.1 Hz)** | Extremely high (normal: ~50\u2013100 Hz) | **Extreme variability** suggests **emotional lability** (rapid shifts between high/low affect) or **anxiety-induced vocal instability**. |\n| **Pitch Range (3837.8 Hz)** | Very wide (normal: ~200\u2013500 Hz) | **Excessive range** may indicate **emotional flooding** (e.g., suppressed tears, rapid affect changes) or **compensatory speech strategies** (e.g., overarticulation to mask flatness). |\n| **Loudness (0.1232 RMS)**  | Low (normal: ~0.2\u20130.5) | **Hypophonia** (soft speech) can reflect **depressive withdrawal**, **anxiety-induced mutism**, or **fatigue from emotional labor**. |\n| **Energy Variability (0.2034 IQR)** | High (normal: ~0.05\u20130.15) | **Fluctuating energy** aligns with **anxiety-related speech disruptions** (e.g., \"choking up\" on words). |\n| **Speech Rate (0.96 seg/sec)** | Slightly slow (normal: ~1.0\u20131.5) | **Bradyphrenia-like slowing** may suggest **cognitive load from anxiety** or **depressive rumination**. |\n| **Pause Duration (0.30 sec)** | Long (normal: ~0.1\u20130.2 sec) | **Prolonged pauses** often indicate **thinking time under stress** or **speech hesitation** (common in anxiety). |\n| **Pause Rate (56.5/min)**  | High (normal: ~20\u201340/min) | **Excessive pausing** may reflect **anxiety-induced speech disfluency** or **depressive indecisiveness**. |\n| **Speech Ratio (71.64%)**  | Low (normal: ~80\u201390%) | **Reduced speech time** suggests **avoidance behaviors** (e.g., anxiety-related silence) or **emotional exhaustion**. |\n\n**Key Pattern:** The **high pitch variability, wide range, and low loudness** suggest **anxiety-driven vocal instability**, while **slow speech and pauses** may indicate **depressive cognitive slowing**\u2014even if PHQ-9 is negative.\n\n---\n\n#### **B. Spectral & Perturbation Features (Suggestive of Voice Strain & Emotional Load)**\n| **Parameter**               | **Value**          | **Clinical Interpretation**                                                                 |\n|-----------------------------|--------------------|--------------------------------------------------------------------------------------------|\n| **Voice Brightness (1636.4",