{
  "metadata": {
    "analysis_timestamp": "2026-03-01T06:55:23.055737",
    "audio_file": "/home/jordanm/Documents/Github/MistralHackathon2026/backend/storage/voice_data/MRN-3194872_2.wav",
    "patient_id": "MRN-3194872",
    "clinical_context": "depression and anxiety screening",
    "pipeline_version": "1.0.0-kintsugi"
  },
  "kintsugi_scores": {
    "depression": {
      "severity_score": 1,
      "severity_label": "Mild-moderate depression (PHQ-9 10-14)",
      "raw_score": -0.6203446388244629
    },
    "anxiety": {
      "severity_score": 1,
      "severity_label": "Mild anxiety (GAD-7 5-9)",
      "raw_score": -0.37648776173591614
    }
  },
  "acoustic_parameters": {
    "quality_control": {
      "passed": true,
      "warnings": [],
      "speech_ratio_check": true,
      "voiced_frames_check": true,
      "voiced_frame_count": 2036,
      "speech_ratio_value": 0.7782329082261958
    },
    "temporal": {
      "pause_duration_mean_sec": 0.2842352941176471,
      "pause_duration_median_sec": 0.16,
      "pause_duration_p95_sec": 0.864,
      "pause_duration_total_sec": 14.496000000000006,
      "pause_rate_per_min": 46.81341755158942,
      "speech_duration_sec": 50.86987499999999,
      "speech_ratio": 0.7782329082261958,
      "total_duration_sec": 65.365875
    },
    "prosodic": {
      "speech_rate_segments_per_sec": 0.7955221283276633,
      "intensity_mean_rms": 0.13316984474658966,
      "energy_variability_iqr": 0.19465095549821854,
      "energy_variability_std": 0.10048628598451614,
      "f0_mean_hz": 533.0361938476562,
      "f0_median_hz": 371.15203857421875,
      "f0_std_hz": 576.5283203125,
      "f0_iqr_hz": 245.51435089111328,
      "f0_range_hz": 3841.423583984375,
      "f0_min_hz": 152.6696319580078,
      "f0_max_hz": 3994.09326171875,
      "f0_p25_hz": 271.88680267333984,
      "f0_p75_hz": 517.4011535644531,
      "f0_slope": -0.09915194243084235,
      "stress_frequency_per_sec": 1.5757457541874869,
      "rhythm_regularity_std_sec": 0.5877058395542398
    },
    "spectral": {
      "mfcc_1_mean": -252.20310974121094,
      "mfcc_2_mean": 108.97540283203125,
      "mfcc_3_mean": -0.6997604370117188,
      "mfcc_4_mean": 12.137011528015137,
      "mfcc_5_mean": -0.8448595404624939,
      "mfcc_6_mean": 2.1223275661468506,
      "mfcc_7_mean": -24.272890090942383,
      "mfcc_8_mean": -13.64333438873291,
      "mfcc_9_mean": -0.6427818536758423,
      "mfcc_10_mean": -20.013410568237305,
      "mfcc_11_mean": -5.613918304443359,
      "mfcc_12_mean": 0.9707620143890381,
      "mfcc_13_mean": -5.013553619384766,
      "spectral_centroid_mean_hz": 1278.159124305917,
      "spectral_centroid_std_hz": 806.3838707396964,
      "spectral_rolloff_mean_hz": 2375.5124204601075,
      "spectral_bandwidth_mean_hz": 1245.8851736246665,
      "cpp": 0.02917352377401816,
      "zero_crossing_rate_mean": 0.11041011800966716
    },
    "perturbation": {
      "jitter_percent": 33.12632143497467,
      "shimmer_percent": 19.64993178844452,
      "reliable": true,
      "note": "Perturbation features computed successfully."
    },
    "spectral_quality": {
      "hnr_db": -3.4816688299179077
    }
  },
  "spectrogram": {
    "path": null,
    "duration": null
  },
  "clinical_analysis": {
    "llm_interpretation": "### **Clinical Voice Analysis Report: Depression & Anxiety Screening**\n**Patient Profile:** Mild-moderate depression (PHQ-9 10\u201314) with mild anxiety (GAD-7 5\u20139)\n**Voice Data Interpretation:** The acoustic parameters provide nuanced insights into affective and cognitive states, corroborating or refining the Kintsugi model\u2019s quantitative assessments.\n\n---\n\n### **1. Interpretation of Kintsugi Scores**\n- **Depression (PHQ-9 10\u201314, Severity Score: 1/2, Raw Score: -0.620):**\n  Mild-moderate depression suggests subclinical to moderate depressive symptoms, with potential functional impairment (e.g., sleep, concentration, motivation). The **low raw score (-0.620)** may indicate a **relative stability** in depressive affect despite elevated PHQ-9 scores, possibly due to:\n  - **Compensatory mechanisms** (e.g., coping strategies, social support).\n  - **Subclinical or \"masked\" depression** (e.g., somatic symptoms without overt emotional expression).\n  - **Temporal variability** (symptoms may fluctuate; acute stress could exacerbate severity).\n\n- **Anxiety (GAD-7 5\u20139, Severity Score: 1/3, Raw Score: -0.376):**\n  Mild anxiety aligns with **subthreshold generalized anxiety**, characterized by low-grade worry, restlessness, or irritability. The **even lower raw score (-0.376)** suggests **minimal acute distress** in affective expression, possibly due to:\n  - **Behavioral inhibition** (e.g., avoidance of overt emotional display).\n  - **Cognitive rumination** (internalized anxiety may not manifest in voice prosody).\n  - **Chronic low-grade anxiety** (less pronounced in speech samples).\n\n**Key Insight:** The **discrepancy between Kintsugi scores and raw scores** (e.g., depression\u2019s higher severity score but lower raw score) may reflect **emotional suppression** or **dissociation**, where cognitive symptoms (e.g., rumination) dominate over affective expression.\n\n---\n\n### **2. Acoustic Parameters: Contextualizing the Kintsugi Findings**\n\n#### **A. Prosodic Features (Linked to Emotional Expression)**\n| **Parameter**       | **Value**       | **Clinical Interpretation**                                                                 | **Correlation to Depression/Anxiety**                                                                 |\n|---------------------|----------------|-------------------------------------------------------------------------------------------|-----------------------------------------------------------------------------------------------------|\n| **Pitch Mean (533 Hz)** | High (avg. female: ~200\u2013250 Hz; male: ~100\u2013120 Hz) | Suggests **stress or hyperarousal**, but **not consistently elevated** (could indicate **avoidance of low pitch**, a marker of sadness). | **Weak correlation** with depression (low pitch often linked to sadness; high pitch may reflect anxiety or tension). |\n| **Pitch Variability (576.5 Hz)** | Very high (norm: ~50\u2013100 Hz) | Indicates **emotional lability** or **cognitive load** (e.g., struggling to maintain stable prosody). | **Strong link to anxiety** (high variability = worry, intrusive thoughts) and **moderate link to depression** (flat affect vs. lability). |\n| **Pitch Range (3841.4 Hz)** | Extremely wide (norm: ~100\u2013300 Hz) | Suggests **emotional dysregulation** or **effortful speech** (e.g., compensating for low energy). | **Concerning pattern**: Extreme range may indicate **depressive retarded speech** (slow, monotone) with **anxiety-driven vocal tension**. |\n| **Loudness (0.1332 RMS)** | Low (norm: ~0.2\u20130.5) | **Hypophonia** (reduced amplitude) is a **hallmark of depression**, especially in melancholic subtypes. | **Strong correlation with depression** (low energy = anhedonia, psychomotor slowing). **Weak link to anxiety** (unless hypervigilance causes vocal strain). |\n| **Energy Variability (0.1947 IQR)** | Moderate (norm: ~0.1\u20130.2) | Suggests **inconsistent emotional investment** in speech (e.g., alternating between monotone and forced loudness). | **Anxiety marker**: Variability may reflect **avoidance of monotony** (to mask depression) or **hyperarousal bursts**. |\n| **Speech Rate (0.80 seg/sec)** | Slow (norm: ~1",